customerId|contractId|premiseId|dataStreamId|1603929600|3|0|0
customerId|contractId|premiseId|dataStreamId|1604016000|2|0|0
customerId|contractId|premiseId|dataStreamId|1604102400|2|0|0
customerId|contractId|premiseId|dataStreamId|1604188800|1|0|0
customerId|contractId|premiseId|dataStreamId|1604275200|2|0|0
customerId|contractId|premiseId|dataStreamId|1604361600|2|0|0
customerId|contractId|premiseId|dataStreamId|1604448000|2|0|0
customerId|contractId|premiseId|dataStreamId|1604534400|0|0|0
customerId|contractId|premiseId|dataStreamId|1604620800|1|0|0
customerId|contractId|premiseId|dataStreamId|1604707200|1|0|0
customerId|contractId|premiseId|dataStreamId|1604793600|1|0|0
customerId|contractId|premiseId|dataStreamId|1604880000|0|0|0
customerId|contractId|premiseId|dataStreamId|1604966400|0|0|0
customerId|contractId|premiseId|dataStreamId|1605052800|1|0|0
customerId|contractId|premiseId|dataStreamId|1605139200|1|0|0
customerId|contractId|premiseId|dataStreamId|1605225600|3|0|0
customerId|contractId|premiseId|dataStreamId|1605312000|2|0|0
customerId|contractId|premiseId|dataStreamId|1605398400|3|0|0
customerId|contractId|premiseId|dataStreamId|1605484800|2|0|0
customerId|contractId|premiseId|dataStreamId|1605571200|2|0|0
customerId|contractId|premiseId|dataStreamId|1605657600|2|0|0
customerId|contractId|premiseId|dataStreamId|1605744000|3|0|0
customerId|contractId|premiseId|dataStreamId|1605830400|1|0|0
customerId|contractId|premiseId|dataStreamId|1605916800|1|0|0
customerId|contractId|premiseId|dataStreamId|1606003200|2|0|0
customerId|contractId|premiseId|dataStreamId|1606089600|2|0|0
customerId|contractId|premiseId|dataStreamId|1606176000|3|0|0
customerId|contractId|premiseId|dataStreamId|1606262400|3|0|0
customerId|contractId|premiseId|dataStreamId|1606348800|2|0|0
customerId|contractId|premiseId|dataStreamId|1606435200|3|0|0
customerId|contractId|premiseId|dataStreamId|1606521600|2|0|0
customerId|contractId|premiseId|dataStreamId|1606608000|3|0|0
customerId|contractId|premiseId|dataStreamId|1606694400|3|0|0
customerId|contractId|premiseId|dataStreamId|1606780800|5|0|0
customerId|contractId|premiseId|dataStreamId|1606867200|4|0|0
customerId|contractId|premiseId|dataStreamId|1606953600|4|0|0
customerId|contractId|premiseId|dataStreamId|1607040000|3|0|0
customerId|contractId|premiseId|dataStreamId|1607126400|3|0|0
customerId|contractId|premiseId|dataStreamId|1607212800|2|0|0
customerId|contractId|premiseId|dataStreamId|1607299200|4|0|0
customerId|contractId|premiseId|dataStreamId|1607385600|3|0|0
customerId|contractId|premiseId|dataStreamId|1607472000|2|0|0
customerId|contractId|premiseId|dataStreamId|1607558400|2|0|0
customerId|contractId|premiseId|dataStreamId|1607644800|2|0|0
customerId|contractId|premiseId|dataStreamId|1607731200|2|0|0
customerId|contractId|premiseId|dataStreamId|1607817600|3|0|0
customerId|contractId|premiseId|dataStreamId|1607904000|3|0|0
customerId|contractId|premiseId|dataStreamId|1607990400|5|0|0
customerId|contractId|premiseId|dataStreamId|1608076800|4|0|0
customerId|contractId|premiseId|dataStreamId|1608163200|5|0|0
customerId|contractId|premiseId|dataStreamId|1608249600|5|0|0
customerId|contractId|premiseId|dataStreamId|1608336000|5|0|0
customerId|contractId|premiseId|dataStreamId|1608422400|3|0|0
customerId|contractId|premiseId|dataStreamId|1608508800|3|0|0
customerId|contractId|premiseId|dataStreamId|1608595200|2|0|0
customerId|contractId|premiseId|dataStreamId|1608681600|2|0|0
customerId|contractId|premiseId|dataStreamId|1608768000|2|0|0
customerId|contractId|premiseId|dataStreamId|1608854400|5|0|0
customerId|contractId|premiseId|dataStreamId|1608940800|5|0|0
customerId|contractId|premiseId|dataStreamId|1609027200|4|0|0
customerId|contractId|premiseId|dataStreamId|1609113600|2|0|0
customerId|contractId|premiseId|dataStreamId|1609200000|4|0|0
customerId|contractId|premiseId|dataStreamId|1609286400|4|0|0
customerId|contractId|premiseId|dataStreamId|1609372800|4|0|0
customerId|contractId|premiseId|dataStreamId|1609459200|4|0|0
customerId|contractId|premiseId|dataStreamId|1609545600|4|0|0
customerId|contractId|premiseId|dataStreamId|1609632000|4|0|0
customerId|contractId|premiseId|dataStreamId|1609718400|4|0|0
customerId|contractId|premiseId|dataStreamId|1609804800|4|0|0
customerId|contractId|premiseId|dataStreamId|1609891200|4|0|0
customerId|contractId|premiseId|dataStreamId|1609977600|3|0|0
customerId|contractId|premiseId|dataStreamId|1610064000|4|0|0
customerId|contractId|premiseId|dataStreamId|1610150400|4|0|0
customerId|contractId|premiseId|dataStreamId|1610236800|4|0|0
customerId|contractId|premiseId|dataStreamId|1610323200|4|0|0
customerId|contractId|premiseId|dataStreamId|1610409600|5|0|0
customerId|contractId|premiseId|dataStreamId|1610496000|3|0|0
customerId|contractId|premiseId|dataStreamId|1610582400|2|0|0
customerId|contractId|premiseId|dataStreamId|1610668800|4|0|0
customerId|contractId|premiseId|dataStreamId|1610755200|3|0|0
customerId|contractId|premiseId|dataStreamId|1610841600|4|0|0
customerId|contractId|premiseId|dataStreamId|1610928000|4|0|0
customerId|contractId|premiseId|dataStreamId|1611014400|3|0|0
customerId|contractId|premiseId|dataStreamId|1611100800|3|0|0
customerId|contractId|premiseId|dataStreamId|1611187200|4|0|0
customerId|contractId|premiseId|dataStreamId|1611273600|2|0|0
customerId|contractId|premiseId|dataStreamId|1611360000|3|0|0
customerId|contractId|premiseId|dataStreamId|1611446400|5|0|0
customerId|contractId|premiseId|dataStreamId|1611532800|3|0|0
customerId|contractId|premiseId|dataStreamId|1611619200|4|0|0
customerId|contractId|premiseId|dataStreamId|1611705600|4|0|0
customerId|contractId|premiseId|dataStreamId|1611792000|4|0|0
customerId|contractId|premiseId|dataStreamId|1611878400|5|0|0
customerId|contractId|premiseId|dataStreamId|1611964800|4|0|0
customerId|contractId|premiseId|dataStreamId|1612051200|4|0|0
customerId|contractId|premiseId|dataStreamId|1612137600|4|0|0
customerId|contractId|premiseId|dataStreamId|1612224000|4|0|0
customerId|contractId|premiseId|dataStreamId|1612310400|4|0|0
customerId|contractId|premiseId|dataStreamId|1612396800|4|0|0
customerId|contractId|premiseId|dataStreamId|1612483200|4|0|0
customerId|contractId|premiseId|dataStreamId|1612569600|4|0|0
customerId|contractId|premiseId|dataStreamId|1612656000|5|0|0
customerId|contractId|premiseId|dataStreamId|1612742400|6|0|0
customerId|contractId|premiseId|dataStreamId|1612828800|6|0|0
customerId|contractId|premiseId|dataStreamId|1612915200|6|0|0
customerId|contractId|premiseId|dataStreamId|1613001600|6|0|0
customerId|contractId|premiseId|dataStreamId|1613088000|6|0|0
customerId|contractId|premiseId|dataStreamId|1613174400|6|0|0
customerId|contractId|premiseId|dataStreamId|1613260800|7|0|0
customerId|contractId|premiseId|dataStreamId|1613347200|7|0|0
customerId|contractId|premiseId|dataStreamId|1613433600|8|0|0
customerId|contractId|premiseId|dataStreamId|1613520000|6|0|0
customerId|contractId|premiseId|dataStreamId|1613606400|7|0|0
customerId|contractId|premiseId|dataStreamId|1613692800|5|0|0
customerId|contractId|premiseId|dataStreamId|1613779200|5|0|0
customerId|contractId|premiseId|dataStreamId|1613865600|5|0|0
customerId|contractId|premiseId|dataStreamId|1613952000|4|0|0
customerId|contractId|premiseId|dataStreamId|1614038400|2|0|0
customerId|contractId|premiseId|dataStreamId|1614124800|2|0|0
customerId|contractId|premiseId|dataStreamId|1614211200|2|0|0
customerId|contractId|premiseId|dataStreamId|1614297600|2|0|0
customerId|contractId|premiseId|dataStreamId|1614384000|4|0|0
customerId|contractId|premiseId|dataStreamId|1614470400|2|0|0
customerId|contractId|premiseId|dataStreamId|1614556800|1|0|0
customerId|contractId|premiseId|dataStreamId|1614643200|3|0|0
customerId|contractId|premiseId|dataStreamId|1614729600|2|0|0
customerId|contractId|premiseId|dataStreamId|1614816000|2|0|0
customerId|contractId|premiseId|dataStreamId|1614902400|2|0|0
customerId|contractId|premiseId|dataStreamId|1614988800|2|0|0
customerId|contractId|premiseId|dataStreamId|1615075200|2|0|0
customerId|contractId|premiseId|dataStreamId|1615161600|2|0|0
customerId|contractId|premiseId|dataStreamId|1615248000|1|0|0
customerId|contractId|premiseId|dataStreamId|1615334400|0|0|0
customerId|contractId|premiseId|dataStreamId|1615420800|1|0|0
customerId|contractId|premiseId|dataStreamId|1615507200|0|0|0
customerId|contractId|premiseId|dataStreamId|1615593600|2|0|0
customerId|contractId|premiseId|dataStreamId|1615680000|2|0|0
customerId|contractId|premiseId|dataStreamId|1615766400|2|0|0
customerId|contractId|premiseId|dataStreamId|1615852800|2|0|0
customerId|contractId|premiseId|dataStreamId|1615939200|2|0|0
customerId|contractId|premiseId|dataStreamId|1616025600|3|0|0
customerId|contractId|premiseId|dataStreamId|1616112000|3|0|0
customerId|contractId|premiseId|dataStreamId|1616198400|2|0|0
customerId|contractId|premiseId|dataStreamId|1616284800|2|0|0
customerId|contractId|premiseId|dataStreamId|1616371200|2|0|0
customerId|contractId|premiseId|dataStreamId|1616457600|1|0|0
customerId|contractId|premiseId|dataStreamId|1616544000|1|0|0
customerId|contractId|premiseId|dataStreamId|1616630400|1|0|0
customerId|contractId|premiseId|dataStreamId|1616716800|1|0|0
customerId|contractId|premiseId|dataStreamId|1616803200|2|0|0
customerId|contractId|premiseId|dataStreamId|1616889600|1|0|0
customerId|contractId|premiseId|dataStreamId|1616976000|0|0|0
customerId|contractId|premiseId|dataStreamId|1617062400|2|0|0
customerId|contractId|premiseId|dataStreamId|1617148800|0|0|0
customerId|contractId|premiseId|dataStreamId|1617235200|1|0|0
customerId|contractId|premiseId|dataStreamId|1617321600|3|0|0
customerId|contractId|premiseId|dataStreamId|1617408000|2|0|0
customerId|contractId|premiseId|dataStreamId|1617494400|2|0|0
customerId|contractId|premiseId|dataStreamId|1617580800|0|0|0
customerId|contractId|premiseId|dataStreamId|1617667200|1|0|0
customerId|contractId|premiseId|dataStreamId|1617753600|0|0|0
customerId|contractId|premiseId|dataStreamId|1617840000|1|0|0
customerId|contractId|premiseId|dataStreamId|1617926400|1|0|0
customerId|contractId|premiseId|dataStreamId|1618012800|0|0|0
customerId|contractId|premiseId|dataStreamId|1618099200|1|0|0
customerId|contractId|premiseId|dataStreamId|1618185600|0|0|0
customerId|contractId|premiseId|dataStreamId|1618272000|1|0|0
customerId|contractId|premiseId|dataStreamId|1618358400|0|0|0
customerId|contractId|premiseId|dataStreamId|1618444800|1|0|0
customerId|contractId|premiseId|dataStreamId|1618531200|0|0|0
customerId|contractId|premiseId|dataStreamId|1618617600|1|0|0
customerId|contractId|premiseId|dataStreamId|1618704000|1|0|0
customerId|contractId|premiseId|dataStreamId|1618790400|1|0|0
customerId|contractId|premiseId|dataStreamId|1618876800|0|0|0
customerId|contractId|premiseId|dataStreamId|1618963200|1|0|0
customerId|contractId|premiseId|dataStreamId|1619049600|3|0|0
customerId|contractId|premiseId|dataStreamId|1619136000|2|0|0
customerId|contractId|premiseId|dataStreamId|1619222400|0|0|0
customerId|contractId|premiseId|dataStreamId|1619308800|1|0|0
customerId|contractId|premiseId|dataStreamId|1619395200|1|0|0
customerId|contractId|premiseId|dataStreamId|1619481600|0|0|0
customerId|contractId|premiseId|dataStreamId|1619568000|1|0|0
customerId|contractId|premiseId|dataStreamId|1619654400|0|0|0
customerId|contractId|premiseId|dataStreamId|1619740800|1|0|0
customerId|contractId|premiseId|dataStreamId|1619827200|0|0|0
customerId|contractId|premiseId|dataStreamId|1619913600|1|0|0
customerId|contractId|premiseId|dataStreamId|1620000000|1|0|0
customerId|contractId|premiseId|dataStreamId|1620086400|0|0|0
customerId|contractId|premiseId|dataStreamId|1620172800|1|0|0
customerId|contractId|premiseId|dataStreamId|1620259200|1|0|0
customerId|contractId|premiseId|dataStreamId|1620345600|0|0|0
customerId|contractId|premiseId|dataStreamId|1620432000|1|0|0
customerId|contractId|premiseId|dataStreamId|1620518400|1|0|0
customerId|contractId|premiseId|dataStreamId|1620604800|0|0|0
customerId|contractId|premiseId|dataStreamId|1620691200|0|0|0
customerId|contractId|premiseId|dataStreamId|1620777600|1|0|0
customerId|contractId|premiseId|dataStreamId|1620864000|1|0|0
customerId|contractId|premiseId|dataStreamId|1620950400|0|0|0
customerId|contractId|premiseId|dataStreamId|1621036800|1|0|0
customerId|contractId|premiseId|dataStreamId|1621123200|0|0|0
customerId|contractId|premiseId|dataStreamId|1621209600|1|0|0
customerId|contractId|premiseId|dataStreamId|1621296000|1|0|0
customerId|contractId|premiseId|dataStreamId|1621382400|0|0|0
customerId|contractId|premiseId|dataStreamId|1621468800|1|0|0
customerId|contractId|premiseId|dataStreamId|1621555200|0|0|0
customerId|contractId|premiseId|dataStreamId|1621641600|1|0|0
customerId|contractId|premiseId|dataStreamId|1621728000|1|0|0
customerId|contractId|premiseId|dataStreamId|1621814400|0|0|0
customerId|contractId|premiseId|dataStreamId|1621900800|1|0|0
customerId|contractId|premiseId|dataStreamId|1621987200|0|0|0
customerId|contractId|premiseId|dataStreamId|1622073600|1|0|0
customerId|contractId|premiseId|dataStreamId|1622160000|0|0|0
customerId|contractId|premiseId|dataStreamId|1622246400|0|0|0
customerId|contractId|premiseId|dataStreamId|1622332800|1|0|0
customerId|contractId|premiseId|dataStreamId|1622419200|1|0|0
customerId|contractId|premiseId|dataStreamId|1622505600|0|0|0
customerId|contractId|premiseId|dataStreamId|1622592000|1|0|0
customerId|contractId|premiseId|dataStreamId|1622678400|0|0|0
customerId|contractId|premiseId|dataStreamId|1622764800|1|0|0
customerId|contractId|premiseId|dataStreamId|1622851200|0|0|0
customerId|contractId|premiseId|dataStreamId|1622937600|1|0|0
customerId|contractId|premiseId|dataStreamId|1623024000|1|0|0
customerId|contractId|premiseId|dataStreamId|1623110400|0|0|0
customerId|contractId|premiseId|dataStreamId|1623196800|0|0|0
customerId|contractId|premiseId|dataStreamId|1623283200|1|0|0
customerId|contractId|premiseId|dataStreamId|1623369600|0|0|0
customerId|contractId|premiseId|dataStreamId|1623456000|1|0|0
customerId|contractId|premiseId|dataStreamId|1623542400|0|0|0
customerId|contractId|premiseId|dataStreamId|1623628800|1|0|0
customerId|contractId|premiseId|dataStreamId|1623715200|0|0|0
customerId|contractId|premiseId|dataStreamId|1623801600|0|0|0
customerId|contractId|premiseId|dataStreamId|1623888000|1|0|0
customerId|contractId|premiseId|dataStreamId|1623974400|0|0|0
customerId|contractId|premiseId|dataStreamId|1624060800|1|0|0
customerId|contractId|premiseId|dataStreamId|1624147200|0|0|0
customerId|contractId|premiseId|dataStreamId|1624233600|1|0|0
customerId|contractId|premiseId|dataStreamId|1624320000|0|0|0
customerId|contractId|premiseId|dataStreamId|1624406400|0|0|0
customerId|contractId|premiseId|dataStreamId|1624492800|1|0|0
customerId|contractId|premiseId|dataStreamId|1624579200|0|0|0
customerId|contractId|premiseId|dataStreamId|1624665600|1|0|0
customerId|contractId|premiseId|dataStreamId|1624752000|0|0|0
customerId|contractId|premiseId|dataStreamId|1624838400|1|0|0
customerId|contractId|premiseId|dataStreamId|1624924800|0|0|0
customerId|contractId|premiseId|dataStreamId|1625011200|1|0|0
customerId|contractId|premiseId|dataStreamId|1625097600|0|0|0
customerId|contractId|premiseId|dataStreamId|1625184000|1|0|0
customerId|contractId|premiseId|dataStreamId|1625270400|0|0|0
customerId|contractId|premiseId|dataStreamId|1625356800|0|0|0
customerId|contractId|premiseId|dataStreamId|1625443200|1|0|0
customerId|contractId|premiseId|dataStreamId|1625529600|0|0|0
customerId|contractId|premiseId|dataStreamId|1625616000|0|0|0
customerId|contractId|premiseId|dataStreamId|1625702400|0|0|0
customerId|contractId|premiseId|dataStreamId|1625788800|1|0|0
customerId|contractId|premiseId|dataStreamId|1625875200|0|0|0
customerId|contractId|premiseId|dataStreamId|1625961600|0|0|0
customerId|contractId|premiseId|dataStreamId|1626048000|1|0|0
customerId|contractId|premiseId|dataStreamId|1626134400|0|0|0
customerId|contractId|premiseId|dataStreamId|1626220800|1|0|0
customerId|contractId|premiseId|dataStreamId|1626307200|0|0|0
customerId|contractId|premiseId|dataStreamId|1626393600|0|0|0
customerId|contractId|premiseId|dataStreamId|1626480000|1|0|0
customerId|contractId|premiseId|dataStreamId|1626566400|1|0|0
customerId|contractId|premiseId|dataStreamId|1626652800|0|0|0
customerId|contractId|premiseId|dataStreamId|1626739200|0|0|0
customerId|contractId|premiseId|dataStreamId|1626825600|0|0|0
customerId|contractId|premiseId|dataStreamId|1626912000|1|0|0
customerId|contractId|premiseId|dataStreamId|1626998400|0|0|0
customerId|contractId|premiseId|dataStreamId|1627084800|0|0|0
customerId|contractId|premiseId|dataStreamId|1627171200|1|0|0
customerId|contractId|premiseId|dataStreamId|1627257600|0|0|0
customerId|contractId|premiseId|dataStreamId|1627344000|1|0|0
customerId|contractId|premiseId|dataStreamId|1627430400|0|0|0
customerId|contractId|premiseId|dataStreamId|1627516800|0|0|0
customerId|contractId|premiseId|dataStreamId|1627603200|1|0|0
customerId|contractId|premiseId|dataStreamId|1627689600|0|0|0
customerId|contractId|premiseId|dataStreamId|1627776000|0|0|0
customerId|contractId|premiseId|dataStreamId|1627862400|1|0|0
customerId|contractId|premiseId|dataStreamId|1627948800|0|0|0
customerId|contractId|premiseId|dataStreamId|1628035200|1|0|0
customerId|contractId|premiseId|dataStreamId|1628121600|0|0|0
customerId|contractId|premiseId|dataStreamId|1628208000|1|0|0
customerId|contractId|premiseId|dataStreamId|1628294400|0|0|0
customerId|contractId|premiseId|dataStreamId|1628380800|1|0|0
customerId|contractId|premiseId|dataStreamId|1628467200|0|0|0
customerId|contractId|premiseId|dataStreamId|1628553600|0|0|0
customerId|contractId|premiseId|dataStreamId|1628640000|1|0|0
customerId|contractId|premiseId|dataStreamId|1628726400|0|0|0
customerId|contractId|premiseId|dataStreamId|1628812800|1|0|0
customerId|contractId|premiseId|dataStreamId|1628899200|0|0|0
customerId|contractId|premiseId|dataStreamId|1628985600|0|0|0
customerId|contractId|premiseId|dataStreamId|1629072000|1|0|0
customerId|contractId|premiseId|dataStreamId|1629158400|0|0|0
customerId|contractId|premiseId|dataStreamId|1629244800|1|0|0
customerId|contractId|premiseId|dataStreamId|1629331200|1|0|0
customerId|contractId|premiseId|dataStreamId|1629504000|0|0|0
customerId|contractId|premiseId|dataStreamId|1629590400|1|0|0
customerId|contractId|premiseId|dataStreamId|1629676800|0|0|0
customerId|contractId|premiseId|dataStreamId|1629763200|1|0|0
customerId|contractId|premiseId|dataStreamId|1629849600|0|0|0
customerId|contractId|premiseId|dataStreamId|1629936000|0|0|0
customerId|contractId|premiseId|dataStreamId|1630022400|1|0|0
customerId|contractId|premiseId|dataStreamId|1630108800|0|0|0
customerId|contractId|premiseId|dataStreamId|1630195200|0|0|0
customerId|contractId|premiseId|dataStreamId|1630281600|1|0|0
customerId|contractId|premiseId|dataStreamId|1630368000|0|0|0
customerId|contractId|premiseId|dataStreamId|1630454400|0|0|0
customerId|contractId|premiseId|dataStreamId|1630540800|1|0|0
customerId|contractId|premiseId|dataStreamId|1630627200|0|0|0
customerId|contractId|premiseId|dataStreamId|1630713600|0|0|0
customerId|contractId|premiseId|dataStreamId|1630800000|1|0|0
customerId|contractId|premiseId|dataStreamId|1630886400|0|0|0
customerId|contractId|premiseId|dataStreamId|1630972800|1|0|0
customerId|contractId|premiseId|dataStreamId|1631059200|0|0|0
customerId|contractId|premiseId|dataStreamId|1631145600|1|0|0
customerId|contractId|premiseId|dataStreamId|1631232000|0|0|0
customerId|contractId|premiseId|dataStreamId|1631318400|0|0|0
customerId|contractId|premiseId|dataStreamId|1631404800|1|0|0
customerId|contractId|premiseId|dataStreamId|1631491200|0|0|0
customerId|contractId|premiseId|dataStreamId|1631577600|1|0|0
customerId|contractId|premiseId|dataStreamId|1631664000|0|0|0
customerId|contractId|premiseId|dataStreamId|1631750400|0|0|0
customerId|contractId|premiseId|dataStreamId|1631836800|1|0|0
customerId|contractId|premiseId|dataStreamId|1631923200|0|0|0
customerId|contractId|premiseId|dataStreamId|1632009600|1|0|0
customerId|contractId|premiseId|dataStreamId|1632096000|0|0|0
customerId|contractId|premiseId|dataStreamId|1632182400|0|0|0
customerId|contractId|premiseId|dataStreamId|1632268800|1|0|0
customerId|contractId|premiseId|dataStreamId|1632355200|0|0|0
customerId|contractId|premiseId|dataStreamId|1632441600|1|0|0
customerId|contractId|premiseId|dataStreamId|1632528000|0|0|0
customerId|contractId|premiseId|dataStreamId|1632614400|1|0|0
customerId|contractId|premiseId|dataStreamId|1632700800|0|0|0
customerId|contractId|premiseId|dataStreamId|1632787200|0|0|0
customerId|contractId|premiseId|dataStreamId|1632873600|1|0|0
customerId|contractId|premiseId|dataStreamId|1632960000|0|0|0
customerId|contractId|premiseId|dataStreamId|1633046400|0|0|0
customerId|contractId|premiseId|dataStreamId|1633132800|1|0|0
customerId|contractId|premiseId|dataStreamId|1633219200|0|0|0
customerId|contractId|premiseId|dataStreamId|1633305600|1|0|0
customerId|contractId|premiseId|dataStreamId|1633392000|0|0|0
customerId|contractId|premiseId|dataStreamId|1633478400|0|0|0
customerId|contractId|premiseId|dataStreamId|1633564800|1|0|0
customerId|contractId|premiseId|dataStreamId|1633651200|0|0|0
customerId|contractId|premiseId|dataStreamId|1633737600|1|0|0
customerId|contractId|premiseId|dataStreamId|1633824000|0|0|0
customerId|contractId|premiseId|dataStreamId|1633910400|0|0|0
customerId|contractId|premiseId|dataStreamId|1633996800|1|0|0
customerId|contractId|premiseId|dataStreamId|1634083200|0|0|0
customerId|contractId|premiseId|dataStreamId|1634169600|0|0|0
customerId|contractId|premiseId|dataStreamId|1634256000|1|0|0
customerId|contractId|premiseId|dataStreamId|1634342400|0|0|0
customerId|contractId|premiseId|dataStreamId|1634428800|1|0|0
customerId|contractId|premiseId|dataStreamId|1634515200|0|0|0
customerId|contractId|premiseId|dataStreamId|1634601600|1|0|0
customerId|contractId|premiseId|dataStreamId|1634688000|0|0|0
customerId|contractId|premiseId|dataStreamId|1634774400|1|0|0
customerId|contractId|premiseId|dataStreamId|1634860800|0|0|0
customerId|contractId|premiseId|dataStreamId|1634947200|1|0|0
customerId|contractId|premiseId|dataStreamId|1635033600|1|0|0
customerId|contractId|premiseId|dataStreamId|1635120000|1|0|0
customerId|contractId|premiseId|dataStreamId|1635206400|1|0|0
customerId|contractId|premiseId|dataStreamId|1635292800|1|0|0
customerId|contractId|premiseId|dataStreamId|1635379200|1|0|0
customerId|contractId|premiseId|dataStreamId|1635465600|1|0|0
customerId|contractId|premiseId|dataStreamId|1635552000|2|0|0
customerId|contractId|premiseId|dataStreamId|1635638400|1|0|0
customerId|contractId|premiseId|dataStreamId|1635724800|1|0|0
customerId|contractId|premiseId|dataStreamId|1635811200|3|0|0
customerId|contractId|premiseId|dataStreamId|1635897600|2|0|0
customerId|contractId|premiseId|dataStreamId|1635984000|2|0|0
customerId|contractId|premiseId|dataStreamId|1636070400|2|0|0
customerId|contractId|premiseId|dataStreamId|1636156800|2|0|0
customerId|contractId|premiseId|dataStreamId|1636243200|3|0|0
customerId|contractId|premiseId|dataStreamId|1636329600|2|0|0
customerId|contractId|premiseId|dataStreamId|1636416000|2|0|0
customerId|contractId|premiseId|dataStreamId|1636502400|1|0|0
customerId|contractId|premiseId|dataStreamId|1636588800|2|0|0
customerId|contractId|premiseId|dataStreamId|1636675200|1|0|0
customerId|contractId|premiseId|dataStreamId|1636761600|3|0|0
customerId|contractId|premiseId|dataStreamId|1636848000|4|0|0
customerId|contractId|premiseId|dataStreamId|1636934400|3|0|0
customerId|contractId|premiseId|dataStreamId|1637020800|3|0|0
customerId|contractId|premiseId|dataStreamId|1637107200|2|0|0
customerId|contractId|premiseId|dataStreamId|1637193600|1|0|0
customerId|contractId|premiseId|dataStreamId|1637280000|3|0|0
customerId|contractId|premiseId|dataStreamId|1637366400|3|0|0
customerId|contractId|premiseId|dataStreamId|1637452800|3|0|0
customerId|contractId|premiseId|dataStreamId|1637539200|2|0|0
customerId|contractId|premiseId|dataStreamId|1637625600|3|0|0
customerId|contractId|premiseId|dataStreamId|1637712000|4|0|0
customerId|contractId|premiseId|dataStreamId|1637798400|3|0|0
customerId|contractId|premiseId|dataStreamId|1637884800|3|0|0
customerId|contractId|premiseId|dataStreamId|1637971200|4|0|0
customerId|contractId|premiseId|dataStreamId|1638057600|3|0|0
customerId|contractId|premiseId|dataStreamId|1638144000|3|0|0
customerId|contractId|premiseId|dataStreamId|1638230400|3|0|0
customerId|contractId|premiseId|dataStreamId|1638316800|2|0|0
customerId|contractId|premiseId|dataStreamId|1638403200|2|0|0
customerId|contractId|premiseId|dataStreamId|1638489600|2|0|0
customerId|contractId|premiseId|dataStreamId|1638576000|2|0|0
customerId|contractId|premiseId|dataStreamId|1638662400|3|0|0
customerId|contractId|premiseId|dataStreamId|1638748800|2|0|0
customerId|contractId|premiseId|dataStreamId|1638835200|2|0|0
customerId|contractId|premiseId|dataStreamId|1638921600|1|0|0
customerId|contractId|premiseId|dataStreamId|1639008000|2|0|0
customerId|contractId|premiseId|dataStreamId|1639094400|1|0|0
customerId|contractId|premiseId|dataStreamId|1639180800|3|0|0
customerId|contractId|premiseId|dataStreamId|1639267200|1|0|0
customerId|contractId|premiseId|dataStreamId|1639353600|1|0|0
customerId|contractId|premiseId|dataStreamId|1639440000|1|0|0
customerId|contractId|premiseId|dataStreamId|1639526400|1|0|0
customerId|contractId|premiseId|dataStreamId|1639612800|1|0|0
customerId|contractId|premiseId|dataStreamId|1639699200|1|0|0
customerId|contractId|premiseId|dataStreamId|1639785600|1|0|0
customerId|contractId|premiseId|dataStreamId|1639872000|3|0|0
customerId|contractId|premiseId|dataStreamId|1639958400|3|0|0
customerId|contractId|premiseId|dataStreamId|1640044800|3|0|0
customerId|contractId|premiseId|dataStreamId|1640131200|3|0|0
customerId|contractId|premiseId|dataStreamId|1640217600|3|0|0
customerId|contractId|premiseId|dataStreamId|1640304000|3|0|0
customerId|contractId|premiseId|dataStreamId|1640390400|3|0|0
customerId|contractId|premiseId|dataStreamId|1640476800|3|0|0
customerId|contractId|premiseId|dataStreamId|1640563200|3|0|0
customerId|contractId|premiseId|dataStreamId|1640649600|3|0|0
customerId|contractId|premiseId|dataStreamId|1640736000|3|0|0
customerId|contractId|premiseId|dataStreamId|1640822400|3|0|0
customerId|contractId|premiseId|dataStreamId|1640908800|3|0|0
customerId|contractId|premiseId|dataStreamId|1640995200|3|0|0
customerId|contractId|premiseId|dataStreamId|1641081600|3|0|0
customerId|contractId|premiseId|dataStreamId|1641168000|3|0|0
customerId|contractId|premiseId|dataStreamId|1641254400|3|0|0
customerId|contractId|premiseId|dataStreamId|1641340800|3|0|0
customerId|contractId|premiseId|dataStreamId|1641427200|3|0|0
customerId|contractId|premiseId|dataStreamId|1641513600|3|0|0
customerId|contractId|premiseId|dataStreamId|1641600000|3|0|0
customerId|contractId|premiseId|dataStreamId|1641686400|3|0|0
customerId|contractId|premiseId|dataStreamId|1641772800|3|0|0
customerId|contractId|premiseId|dataStreamId|1641859200|3|0|0
customerId|contractId|premiseId|dataStreamId|1641945600|3|0|0
customerId|contractId|premiseId|dataStreamId|1642032000|3|0|0
customerId|contractId|premiseId|dataStreamId|1642118400|3|0|0
customerId|contractId|premiseId|dataStreamId|1642204800|3|0|0
customerId|contractId|premiseId|dataStreamId|1642291200|3|0|0
customerId|contractId|premiseId|dataStreamId|1642377600|3|0|0
customerId|contractId|premiseId|dataStreamId|1642464000|3|0|0
customerId|contractId|premiseId|dataStreamId|1642550400|3|0|0
customerId|contractId|premiseId|dataStreamId|1642636800|3|0|0
customerId|contractId|premiseId|dataStreamId|1642723200|3|0|0
customerId|contractId|premiseId|dataStreamId|1642809600|3|0|0
customerId|contractId|premiseId|dataStreamId|1642896000|3|0|0
customerId|contractId|premiseId|dataStreamId|1642982400|3|0|0
customerId|contractId|premiseId|dataStreamId|1643068800|3|0|0
customerId|contractId|premiseId|dataStreamId|1643155200|3|0|0
customerId|contractId|premiseId|dataStreamId|1643241600|3|0|0
customerId|contractId|premiseId|dataStreamId|1643328000|3|0|0
customerId|contractId|premiseId|dataStreamId|1643414400|3|0|0
customerId|contractId|premiseId|dataStreamId|1643500800|3|0|0
customerId|contractId|premiseId|dataStreamId|1643587200|3|0|0
customerId|contractId|premiseId|dataStreamId|1643673600|3|0|0
customerId|contractId|premiseId|dataStreamId|1643760000|3|0|0
customerId|contractId|premiseId|dataStreamId|1643414400|3|0|0
customerId|contractId|premiseId|dataStreamId|1643587200|3|0|0
customerId|contractId|premiseId|dataStreamId|1643673600|3|0|0
customerId|contractId|premiseId|dataStreamId|1643760000|3|0|0
customerId|contractId|premiseId|dataStreamId|1643846400|3|0|0
customerId|contractId|premiseId|dataStreamId|1643932800|3|0|0
customerId|contractId|premiseId|dataStreamId|1644019200|3|0|0
customerId|contractId|premiseId|dataStreamId|1644105600|3|0|0
customerId|contractId|premiseId|dataStreamId|1644192000|3|0|0
customerId|contractId|premiseId|dataStreamId|1644278400|3|0|0
customerId|contractId|premiseId|dataStreamId|1644364800|3|0|0
customerId|contractId|premiseId|dataStreamId|1644451200|3|0|0
customerId|contractId|premiseId|dataStreamId|1644537600|3|0|0
customerId|contractId|premiseId|dataStreamId|1644624000|3|0|0
customerId|contractId|premiseId|dataStreamId|1644710400|3|0|0
customerId|contractId|premiseId|dataStreamId|1644796800|3|0|0
customerId|contractId|premiseId|dataStreamId|1644883200|3|0|0
customerId|contractId|premiseId|dataStreamId|1644969600|3|0|0
customerId|contractId|premiseId|dataStreamId|1645056000|3|0|0
customerId|contractId|premiseId|dataStreamId|1645142400|3|0|0
customerId|contractId|premiseId|dataStreamId|1645228800|3|0|0
customerId|contractId|premiseId|dataStreamId|1645315200|3|0|0
customerId|contractId|premiseId|dataStreamId|1645401600|3|0|0
customerId|contractId|premiseId|dataStreamId|1645488000|3|0|0
customerId|contractId|premiseId|dataStreamId|1645574400|3|0|0
customerId|contractId|premiseId|dataStreamId|1645660800|3|0|0
customerId|contractId|premiseId|dataStreamId|1645747200|3|0|0
customerId|contractId|premiseId|dataStreamId|1645833600|3|0|0
customerId|contractId|premiseId|dataStreamId|1645920000|3|0|0
customerId|contractId|premiseId|dataStreamId|1646006400|3|0|0
customerId|contractId|premiseId|dataStreamId|1646092800|3|0|0
customerId|contractId|premiseId|dataStreamId|1646179200|3|0|0
customerId|contractId|premiseId|dataStreamId|1646265600|3|0|0
customerId|contractId|premiseId|dataStreamId|1646352000|3|0|0
customerId|contractId|premiseId|dataStreamId|1646438400|3|0|0
customerId|contractId|premiseId|dataStreamId|1646524800|3|0|0
customerId|contractId|premiseId|dataStreamId|1646611200|3|0|0
customerId|contractId|premiseId|dataStreamId|1646697600|3|0|0
customerId|contractId|premiseId|dataStreamId|1646784000|3|0|0
customerId|contractId|premiseId|dataStreamId|1646870400|3|0|0
customerId|contractId|premiseId|dataStreamId|1646956800|3|0|0
customerId|contractId|premiseId|dataStreamId|1647043200|3|0|0
customerId|contractId|premiseId|dataStreamId|1647043200|3|0|0
customerId|contractId|premiseId|dataStreamId|1647129600|3|0|0
customerId|contractId|premiseId|dataStreamId|1647216000|3|0|0
customerId|contractId|premiseId|dataStreamId|1647302400|3|0|0
customerId|contractId|premiseId|dataStreamId|1647388800|3|0|0
customerId|contractId|premiseId|dataStreamId|1647475200|3|0|0
customerId|contractId|premiseId|dataStreamId|1647561600|3|0|0
customerId|contractId|premiseId|dataStreamId|1647648000|3|0|0
customerId|contractId|premiseId|dataStreamId|1647734400|3|0|0
customerId|contractId|premiseId|dataStreamId|1647820800|3|0|0
customerId|contractId|premiseId|dataStreamId|1647907200|3|0|0
customerId|contractId|premiseId|dataStreamId|1647993600|3|0|0
customerId|contractId|premiseId|dataStreamId|1648080000|3|0|0
customerId|contractId|premiseId|dataStreamId|1648166400|3|0|0
customerId|contractId|premiseId|dataStreamId|1648252800|3|0|0
customerId|contractId|premiseId|dataStreamId|1648339200|3|0|0
customerId|contractId|premiseId|dataStreamId|1648425600|3|0|0
customerId|contractId|premiseId|dataStreamId|1648512000|3|0|0
customerId|contractId|premiseId|dataStreamId|1648598400|2|0|0
customerId|contractId|premiseId|dataStreamId|1648684800|2|0|0
customerId|contractId|premiseId|dataStreamId|1648771200|2|0|0
customerId|contractId|premiseId|dataStreamId|1648857600|2|0|0
customerId|contractId|premiseId|dataStreamId|1648944000|2|0|0
customerId|contractId|premiseId|dataStreamId|1649030400|2|0|0
customerId|contractId|premiseId|dataStreamId|1649116800|2|0|0
customerId|contractId|premiseId|dataStreamId|1649203200|2|0|0
customerId|contractId|premiseId|dataStreamId|1649289600|2|0|0
customerId|contractId|premiseId|dataStreamId|1649376000|2|0|0
customerId|contractId|premiseId|dataStreamId|1649462400|2|0|0
customerId|contractId|premiseId|dataStreamId|1649548800|2|0|0
customerId|contractId|premiseId|dataStreamId|1649635200|2|0|0
customerId|contractId|premiseId|dataStreamId|1649721600|2|0|0
customerId|contractId|premiseId|dataStreamId|1649808000|3|0|0
customerId|contractId|premiseId|dataStreamId|1649894400|2|0|0
customerId|contractId|premiseId|dataStreamId|1649980800|2|0|0
customerId|contractId|premiseId|dataStreamId|1650067200|1|0|0
customerId|contractId|premiseId|dataStreamId|1650153600|2|0|0
customerId|contractId|premiseId|dataStreamId|1650240000|2|0|0
customerId|contractId|premiseId|dataStreamId|1650326400|2|0|0
customerId|contractId|premiseId|dataStreamId|1650412800|0|0|0
customerId|contractId|premiseId|dataStreamId|1650499200|1|0|0
customerId|contractId|premiseId|dataStreamId|1650585600|1|0|0
customerId|contractId|premiseId|dataStreamId|1650672000|1|0|0
customerId|contractId|premiseId|dataStreamId|1650758400|0|0|0
customerId|contractId|premiseId|dataStreamId|1650844800|0|0|0
customerId|contractId|premiseId|dataStreamId|1650931200|1|0|0
customerId|contractId|premiseId|dataStreamId|1651017600|1|0|0
customerId|contractId|premiseId|dataStreamId|1651104000|3|0|0
customerId|contractId|premiseId|dataStreamId|1651190400|2|0|0
customerId|contractId|premiseId|dataStreamId|1651276800|3|0|0
customerId|contractId|premiseId|dataStreamId|1651363200|2|0|0
customerId|contractId|premiseId|dataStreamId|1651449600|2|0|0
customerId|contractId|premiseId|dataStreamId|1651536000|2|0|0
customerId|contractId|premiseId|dataStreamId|1651622400|3|0|0
customerId|contractId|premiseId|dataStreamId|1651708800|1|0|0
customerId|contractId|premiseId|dataStreamId|1651795200|1|0|0
customerId|contractId|premiseId|dataStreamId|1651881600|2|0|0
customerId|contractId|premiseId|dataStreamId|1651968000|2|0|0
customerId|contractId|premiseId|dataStreamId|1652054400|3|0|0
customerId|contractId|premiseId|dataStreamId|1652140800|3|0|0
customerId|contractId|premiseId|dataStreamId|1652227200|2|0|0
customerId|contractId|premiseId|dataStreamId|1652313600|3|0|0
customerId|contractId|premiseId|dataStreamId|1652400000|2|0|0
customerId|contractId|premiseId|dataStreamId|1652486400|3|0|0
customerId|contractId|premiseId|dataStreamId|1652572800|3|0|0
customerId|contractId|premiseId|dataStreamId|1652659200|5|0|0
customerId|contractId|premiseId|dataStreamId|1652745600|4|0|0
customerId|contractId|premiseId|dataStreamId|1652832000|4|0|0
customerId|contractId|premiseId|dataStreamId|1652918400|3|0|0
customerId|contractId|premiseId|dataStreamId|1653004800|3|0|0
customerId|contractId|premiseId|dataStreamId|1653091200|2|0|0
customerId|contractId|premiseId|dataStreamId|1653177600|4|0|0
customerId|contractId|premiseId|dataStreamId|1653264000|3|0|0
customerId|contractId|premiseId|dataStreamId|1653350400|2|0|0
customerId|contractId|premiseId|dataStreamId|1653436800|2|0|0
customerId|contractId|premiseId|dataStreamId|1653523200|2|0|0
customerId|contractId|premiseId|dataStreamId|1653609600|2|0|0
customerId|contractId|premiseId|dataStreamId|1653696000|3|0|0
customerId|contractId|premiseId|dataStreamId|1653782400|3|0|0
customerId|contractId|premiseId|dataStreamId|1653868800|5|0|0
customerId|contractId|premiseId|dataStreamId|1653955200|4|0|0
customerId|contractId|premiseId|dataStreamId|1654041600|5|0|0
customerId|contractId|premiseId|dataStreamId|1654128000|5|0|0
customerId|contractId|premiseId|dataStreamId|1654214400|5|0|0
customerId|contractId|premiseId|dataStreamId|1654300800|3|0|0
customerId|contractId|premiseId|dataStreamId|1654387200|3|0|0
customerId|contractId|premiseId|dataStreamId|1654473600|2|0|0
customerId|contractId|premiseId|dataStreamId|1654560000|2|0|0
customerId|contractId|premiseId|dataStreamId|1654646400|2|0|0
customerId|contractId|premiseId|dataStreamId|1654732800|5|0|0
customerId|contractId|premiseId|dataStreamId|1654819200|5|0|0
customerId|contractId|premiseId|dataStreamId|1654905600|4|0|0
customerId|contractId|premiseId|dataStreamId|1654992000|2|0|0
customerId|contractId|premiseId|dataStreamId|1655078400|4|0|0
customerId|contractId|premiseId|dataStreamId|1655164800|4|0|0
customerId|contractId|premiseId|dataStreamId|1655251200|4|0|0
customerId|contractId|premiseId|dataStreamId|1655337600|4|0|0
customerId|contractId|premiseId|dataStreamId|1655424000|4|0|0
customerId|contractId|premiseId|dataStreamId|1655510400|4|0|0
customerId|contractId|premiseId|dataStreamId|1655596800|4|0|0
customerId|contractId|premiseId|dataStreamId|1655683200|4|0|0
customerId|contractId|premiseId|dataStreamId|1655769600|4|0|0
customerId|contractId|premiseId|dataStreamId|1655856000|3|0|0
customerId|contractId|premiseId|dataStreamId|1655942400|4|0|0
customerId|contractId|premiseId|dataStreamId|1656028800|4|0|0
customerId|contractId|premiseId|dataStreamId|1656115200|4|0|0
customerId|contractId|premiseId|dataStreamId|1656201600|4|0|0
customerId|contractId|premiseId|dataStreamId|1656288000|5|0|0
customerId|contractId|premiseId|dataStreamId|1656374400|3|0|0
customerId|contractId|premiseId|dataStreamId|1656460800|2|0|0
customerId|contractId|premiseId|dataStreamId|1656547200|4|0|0
customerId|contractId|premiseId|dataStreamId|1656633600|3|0|0
customerId|contractId|premiseId|dataStreamId|1656720000|4|0|0
customerId|contractId|premiseId|dataStreamId|1656806400|4|0|0
customerId|contractId|premiseId|dataStreamId|1656892800|3|0|0
customerId|contractId|premiseId|dataStreamId|1656979200|3|0|0
customerId|contractId|premiseId|dataStreamId|1657065600|4|0|0
customerId|contractId|premiseId|dataStreamId|1657152000|2|0|0
customerId|contractId|premiseId|dataStreamId|1657238400|3|0|0
customerId|contractId|premiseId|dataStreamId|1657324800|5|0|0
customerId|contractId|premiseId|dataStreamId|1657411200|3|0|0
customerId|contractId|premiseId|dataStreamId|1657497600|4|0|0
customerId|contractId|premiseId|dataStreamId|1657584000|4|0|0
customerId|contractId|premiseId|dataStreamId|1657670400|4|0|0
customerId|contractId|premiseId|dataStreamId|1657756800|5|0|0
customerId|contractId|premiseId|dataStreamId|1657843200|4|0|0
customerId|contractId|premiseId|dataStreamId|1657929600|4|0|0
customerId|contractId|premiseId|dataStreamId|1658016000|4|0|0
customerId|contractId|premiseId|dataStreamId|1658102400|4|0|0
customerId|contractId|premiseId|dataStreamId|1658188800|4|0|0
customerId|contractId|premiseId|dataStreamId|1658275200|4|0|0
customerId|contractId|premiseId|dataStreamId|1658361600|4|0|0
customerId|contractId|premiseId|dataStreamId|1658448000|4|0|0
customerId|contractId|premiseId|dataStreamId|1658534400|5|0|0
customerId|contractId|premiseId|dataStreamId|1658620800|6|0|0
customerId|contractId|premiseId|dataStreamId|1658707200|6|0|0
customerId|contractId|premiseId|dataStreamId|1658793600|6|0|0
customerId|contractId|premiseId|dataStreamId|1658880000|6|0|0
customerId|contractId|premiseId|dataStreamId|1658966400|6|0|0
customerId|contractId|premiseId|dataStreamId|1659052800|6|0|0
customerId|contractId|premiseId|dataStreamId|1659139200|7|0|0
customerId|contractId|premiseId|dataStreamId|1659225600|7|0|0
customerId|contractId|premiseId|dataStreamId|1659312000|8|0|0
customerId|contractId|premiseId|dataStreamId|1659398400|6|0|0
customerId|contractId|premiseId|dataStreamId|1659484800|2|0|0
customerId|contractId|premiseId|dataStreamId|1659571200|2|0|0
customerId|contractId|premiseId|dataStreamId|1659657600|2|0|0